--
-- PostgreSQL database dump
--

-- Dumped from database version 12.17 (Ubuntu 12.17-1.pgdg22.04+1)
-- Dumped by pg_dump version 12.17 (Ubuntu 12.17-1.pgdg22.04+1)

SET statement_timeout = 0;
SET lock_timeout = 0;
SET idle_in_transaction_session_timeout = 0;
SET client_encoding = 'UTF8';
SET standard_conforming_strings = on;
SELECT pg_catalog.set_config('search_path', '', false);
SET check_function_bodies = false;
SET xmloption = content;
SET client_min_messages = warning;
SET row_security = off;

DROP DATABASE universe;
--
-- Name: universe; Type: DATABASE; Schema: -; Owner: freecodecamp
--

CREATE DATABASE universe WITH TEMPLATE = template0 ENCODING = 'UTF8' LC_COLLATE = 'C.UTF-8' LC_CTYPE = 'C.UTF-8';


ALTER DATABASE universe OWNER TO freecodecamp;

\connect universe

SET statement_timeout = 0;
SET lock_timeout = 0;
SET idle_in_transaction_session_timeout = 0;
SET client_encoding = 'UTF8';
SET standard_conforming_strings = on;
SELECT pg_catalog.set_config('search_path', '', false);
SET check_function_bodies = false;
SET xmloption = content;
SET client_min_messages = warning;
SET row_security = off;

SET default_tablespace = '';

SET default_table_access_method = heap;

--
-- Name: galaxy; Type: TABLE; Schema: public; Owner: freecodecamp
--

CREATE TABLE public.galaxy (
    galaxy_id integer NOT NULL,
    name character varying(255) NOT NULL,
    size numeric NOT NULL,
    age integer,
    is_spiral boolean NOT NULL
);


ALTER TABLE public.galaxy OWNER TO freecodecamp;

--
-- Name: galaxy_galaxy_id_seq; Type: SEQUENCE; Schema: public; Owner: freecodecamp
--

CREATE SEQUENCE public.galaxy_galaxy_id_seq
    AS integer
    START WITH 1
    INCREMENT BY 1
    NO MINVALUE
    NO MAXVALUE
    CACHE 1;


ALTER TABLE public.galaxy_galaxy_id_seq OWNER TO freecodecamp;

--
-- Name: galaxy_galaxy_id_seq; Type: SEQUENCE OWNED BY; Schema: public; Owner: freecodecamp
--

ALTER SEQUENCE public.galaxy_galaxy_id_seq OWNED BY public.galaxy.galaxy_id;


--
-- Name: moon; Type: TABLE; Schema: public; Owner: freecodecamp
--

CREATE TABLE public.moon (
    moon_id integer NOT NULL,
    name character varying(255) NOT NULL,
    planet_id integer NOT NULL,
    diameter integer NOT NULL,
    is_geologically_active boolean
);


ALTER TABLE public.moon OWNER TO freecodecamp;

--
-- Name: moon_moon_id_seq; Type: SEQUENCE; Schema: public; Owner: freecodecamp
--

CREATE SEQUENCE public.moon_moon_id_seq
    AS integer
    START WITH 1
    INCREMENT BY 1
    NO MINVALUE
    NO MAXVALUE
    CACHE 1;


ALTER TABLE public.moon_moon_id_seq OWNER TO freecodecamp;

--
-- Name: moon_moon_id_seq; Type: SEQUENCE OWNED BY; Schema: public; Owner: freecodecamp
--

ALTER SEQUENCE public.moon_moon_id_seq OWNED BY public.moon.moon_id;


--
-- Name: planet; Type: TABLE; Schema: public; Owner: freecodecamp
--

CREATE TABLE public.planet (
    planet_id integer NOT NULL,
    name character varying(255) NOT NULL,
    star_id integer NOT NULL,
    radius integer NOT NULL,
    distance_from_star integer,
    is_habitable boolean
);


ALTER TABLE public.planet OWNER TO freecodecamp;

--
-- Name: planet_planet_id_seq; Type: SEQUENCE; Schema: public; Owner: freecodecamp
--

CREATE SEQUENCE public.planet_planet_id_seq
    AS integer
    START WITH 1
    INCREMENT BY 1
    NO MINVALUE
    NO MAXVALUE
    CACHE 1;


ALTER TABLE public.planet_planet_id_seq OWNER TO freecodecamp;

--
-- Name: planet_planet_id_seq; Type: SEQUENCE OWNED BY; Schema: public; Owner: freecodecamp
--

ALTER SEQUENCE public.planet_planet_id_seq OWNED BY public.planet.planet_id;


--
-- Name: space_station; Type: TABLE; Schema: public; Owner: freecodecamp
--

CREATE TABLE public.space_station (
    space_station_id integer NOT NULL,
    name character varying(255) NOT NULL,
    planet_id integer,
    capacity integer,
    operational boolean NOT NULL,
    mission text
);


ALTER TABLE public.space_station OWNER TO freecodecamp;

--
-- Name: space_station_station_id_seq; Type: SEQUENCE; Schema: public; Owner: freecodecamp
--

CREATE SEQUENCE public.space_station_station_id_seq
    AS integer
    START WITH 1
    INCREMENT BY 1
    NO MINVALUE
    NO MAXVALUE
    CACHE 1;


ALTER TABLE public.space_station_station_id_seq OWNER TO freecodecamp;

--
-- Name: space_station_station_id_seq; Type: SEQUENCE OWNED BY; Schema: public; Owner: freecodecamp
--

ALTER SEQUENCE public.space_station_station_id_seq OWNED BY public.space_station.space_station_id;


--
-- Name: star; Type: TABLE; Schema: public; Owner: freecodecamp
--

CREATE TABLE public.star (
    star_id integer NOT NULL,
    name character varying(255) NOT NULL,
    galaxy_id integer NOT NULL,
    mass numeric,
    temperature integer NOT NULL,
    is_sun boolean NOT NULL
);


ALTER TABLE public.star OWNER TO freecodecamp;

--
-- Name: star_star_id_seq; Type: SEQUENCE; Schema: public; Owner: freecodecamp
--

CREATE SEQUENCE public.star_star_id_seq
    AS integer
    START WITH 1
    INCREMENT BY 1
    NO MINVALUE
    NO MAXVALUE
    CACHE 1;


ALTER TABLE public.star_star_id_seq OWNER TO freecodecamp;

--
-- Name: star_star_id_seq; Type: SEQUENCE OWNED BY; Schema: public; Owner: freecodecamp
--

ALTER SEQUENCE public.star_star_id_seq OWNED BY public.star.star_id;


--
-- Name: galaxy galaxy_id; Type: DEFAULT; Schema: public; Owner: freecodecamp
--

ALTER TABLE ONLY public.galaxy ALTER COLUMN galaxy_id SET DEFAULT nextval('public.galaxy_galaxy_id_seq'::regclass);


--
-- Name: moon moon_id; Type: DEFAULT; Schema: public; Owner: freecodecamp
--

ALTER TABLE ONLY public.moon ALTER COLUMN moon_id SET DEFAULT nextval('public.moon_moon_id_seq'::regclass);


--
-- Name: planet planet_id; Type: DEFAULT; Schema: public; Owner: freecodecamp
--

ALTER TABLE ONLY public.planet ALTER COLUMN planet_id SET DEFAULT nextval('public.planet_planet_id_seq'::regclass);


--
-- Name: space_station space_station_id; Type: DEFAULT; Schema: public; Owner: freecodecamp
--

ALTER TABLE ONLY public.space_station ALTER COLUMN space_station_id SET DEFAULT nextval('public.space_station_station_id_seq'::regclass);


--
-- Name: star star_id; Type: DEFAULT; Schema: public; Owner: freecodecamp
--

ALTER TABLE ONLY public.star ALTER COLUMN star_id SET DEFAULT nextval('public.star_star_id_seq'::regclass);


--
-- Data for Name: galaxy; Type: TABLE DATA; Schema: public; Owner: freecodecamp
--

INSERT INTO public.galaxy VALUES (1, 'Milky Way', 1500000000000, 13, true);
INSERT INTO public.galaxy VALUES (2, 'Andromeda', 2500000000000, 10, true);
INSERT INTO public.galaxy VALUES (3, 'Triangulum', 500000000000, 9, true);
INSERT INTO public.galaxy VALUES (4, 'Whirlpool', 1300000000000, 12, true);
INSERT INTO public.galaxy VALUES (5, 'Sombrero', 800000000000, 12, false);
INSERT INTO public.galaxy VALUES (6, 'Pinwheel', 1700000000000, 10, true);


--
-- Data for Name: moon; Type: TABLE DATA; Schema: public; Owner: freecodecamp
--

INSERT INTO public.moon VALUES (1, 'Moon', 1, 3474, true);
INSERT INTO public.moon VALUES (2, 'Phobos', 2, 22, false);
INSERT INTO public.moon VALUES (3, 'Deimos', 2, 12, false);
INSERT INTO public.moon VALUES (4, 'Europa', 3, 3121, true);
INSERT INTO public.moon VALUES (5, 'Ganymede', 3, 5262, true);
INSERT INTO public.moon VALUES (6, 'Callisto', 3, 4820, false);
INSERT INTO public.moon VALUES (7, 'Io', 3, 3643, true);
INSERT INTO public.moon VALUES (8, 'Titan', 5, 5150, false);
INSERT INTO public.moon VALUES (9, 'Vega c1', 6, 2225, true);
INSERT INTO public.moon VALUES (10, 'Betelgeuse I1', 9, 2350, false);
INSERT INTO public.moon VALUES (11, 'Rigel b1', 10, 1920, false);
INSERT INTO public.moon VALUES (12, 'Whirlpool X1', 12, 3650, false);
INSERT INTO public.moon VALUES (13, 'Whirlpool X2', 12, 2300, false);
INSERT INTO public.moon VALUES (14, 'Vega c2', 6, 1560, false);
INSERT INTO public.moon VALUES (15, 'Sirius A1a', 7, 1200, true);
INSERT INTO public.moon VALUES (16, 'Sirius A2a', 8, 950, false);
INSERT INTO public.moon VALUES (17, 'Rigel c1', 11, 1450, true);
INSERT INTO public.moon VALUES (18, 'Rigel c2', 11, 1750, false);
INSERT INTO public.moon VALUES (19, 'Rigel c3', 11, 1990, true);
INSERT INTO public.moon VALUES (20, 'Proxima b1', 4, 820, false);


--
-- Data for Name: planet; Type: TABLE DATA; Schema: public; Owner: freecodecamp
--

INSERT INTO public.planet VALUES (1, 'Earth', 1, 6371, 149600000, true);
INSERT INTO public.planet VALUES (2, 'Mars', 1, 3390, 227900000, false);
INSERT INTO public.planet VALUES (3, 'Jupiter', 1, 69911, 778500000, false);
INSERT INTO public.planet VALUES (4, 'Proxima b', 2, 7150, 7480000, false);
INSERT INTO public.planet VALUES (5, 'Vega b', 6, 45950, 123000000, false);
INSERT INTO public.planet VALUES (6, 'Vega c', 6, 32100, 350000000, false);
INSERT INTO public.planet VALUES (7, 'Sirius A1', 3, 5000, 20000000, false);
INSERT INTO public.planet VALUES (8, 'Sirius A2', 3, 4500, 18000000, false);
INSERT INTO public.planet VALUES (9, 'Betelgeuse I', 4, 60000, 250000000, false);
INSERT INTO public.planet VALUES (10, 'Rigel b', 5, 45000, 230000000, false);
INSERT INTO public.planet VALUES (11, 'Rigel c', 5, 35000, 310000000, false);
INSERT INTO public.planet VALUES (12, 'Whirlpool X', 5, 75000, 550000000, false);


--
-- Data for Name: space_station; Type: TABLE DATA; Schema: public; Owner: freecodecamp
--

INSERT INTO public.space_station VALUES (1, 'International Space Station', 1, 10, true, 'Conduct scientific research in low Earth orbit');
INSERT INTO public.space_station VALUES (2, 'Mars Station Alpha', 2, 25, false, 'Prepare for future Mars colonization');
INSERT INTO public.space_station VALUES (3, 'Jupiter Station', 3, 50, true, 'Observe Jupiter and its moons for scientific study');


--
-- Data for Name: star; Type: TABLE DATA; Schema: public; Owner: freecodecamp
--

INSERT INTO public.star VALUES (1, 'Sun', 1, 1989000000000000000000000000000, 5778, true);
INSERT INTO public.star VALUES (2, 'Proxima Centauri', 2, 244600000000000000000000000000, 3042, false);
INSERT INTO public.star VALUES (3, 'Sirius', 1, 3978000000000000000000000000000, 9940, false);
INSERT INTO public.star VALUES (4, 'Betelgeuse', 4, 89560000000000000000000000000000, 3500, false);
INSERT INTO public.star VALUES (5, 'Rigel', 1, 41880000000000000000000000000000, 11000, false);
INSERT INTO public.star VALUES (6, 'Vega', 3, 4180000000000000000000000000000, 9602, false);


--
-- Name: galaxy_galaxy_id_seq; Type: SEQUENCE SET; Schema: public; Owner: freecodecamp
--

SELECT pg_catalog.setval('public.galaxy_galaxy_id_seq', 6, true);


--
-- Name: moon_moon_id_seq; Type: SEQUENCE SET; Schema: public; Owner: freecodecamp
--

SELECT pg_catalog.setval('public.moon_moon_id_seq', 20, true);


--
-- Name: planet_planet_id_seq; Type: SEQUENCE SET; Schema: public; Owner: freecodecamp
--

SELECT pg_catalog.setval('public.planet_planet_id_seq', 12, true);


--
-- Name: space_station_station_id_seq; Type: SEQUENCE SET; Schema: public; Owner: freecodecamp
--

SELECT pg_catalog.setval('public.space_station_station_id_seq', 3, true);


--
-- Name: star_star_id_seq; Type: SEQUENCE SET; Schema: public; Owner: freecodecamp
--

SELECT pg_catalog.setval('public.star_star_id_seq', 6, true);


--
-- Name: galaxy galaxy_name_key; Type: CONSTRAINT; Schema: public; Owner: freecodecamp
--

ALTER TABLE ONLY public.galaxy
    ADD CONSTRAINT galaxy_name_key UNIQUE (name);


--
-- Name: galaxy galaxy_pkey; Type: CONSTRAINT; Schema: public; Owner: freecodecamp
--

ALTER TABLE ONLY public.galaxy
    ADD CONSTRAINT galaxy_pkey PRIMARY KEY (galaxy_id);


--
-- Name: moon moon_name_key; Type: CONSTRAINT; Schema: public; Owner: freecodecamp
--

ALTER TABLE ONLY public.moon
    ADD CONSTRAINT moon_name_key UNIQUE (name);


--
-- Name: moon moon_pkey; Type: CONSTRAINT; Schema: public; Owner: freecodecamp
--

ALTER TABLE ONLY public.moon
    ADD CONSTRAINT moon_pkey PRIMARY KEY (moon_id);


--
-- Name: planet planet_name_key; Type: CONSTRAINT; Schema: public; Owner: freecodecamp
--

ALTER TABLE ONLY public.planet
    ADD CONSTRAINT planet_name_key UNIQUE (name);


--
-- Name: planet planet_pkey; Type: CONSTRAINT; Schema: public; Owner: freecodecamp
--

ALTER TABLE ONLY public.planet
    ADD CONSTRAINT planet_pkey PRIMARY KEY (planet_id);


--
-- Name: space_station space_station_name_key; Type: CONSTRAINT; Schema: public; Owner: freecodecamp
--

ALTER TABLE ONLY public.space_station
    ADD CONSTRAINT space_station_name_key UNIQUE (name);


--
-- Name: space_station space_station_pkey; Type: CONSTRAINT; Schema: public; Owner: freecodecamp
--

ALTER TABLE ONLY public.space_station
    ADD CONSTRAINT space_station_pkey PRIMARY KEY (space_station_id);


--
-- Name: star star_name_key; Type: CONSTRAINT; Schema: public; Owner: freecodecamp
--

ALTER TABLE ONLY public.star
    ADD CONSTRAINT star_name_key UNIQUE (name);


--
-- Name: star star_pkey; Type: CONSTRAINT; Schema: public; Owner: freecodecamp
--

ALTER TABLE ONLY public.star
    ADD CONSTRAINT star_pkey PRIMARY KEY (star_id);


--
-- Name: moon moon_planet_id_fkey; Type: FK CONSTRAINT; Schema: public; Owner: freecodecamp
--

ALTER TABLE ONLY public.moon
    ADD CONSTRAINT moon_planet_id_fkey FOREIGN KEY (planet_id) REFERENCES public.planet(planet_id);


--
-- Name: planet planet_star_id_fkey; Type: FK CONSTRAINT; Schema: public; Owner: freecodecamp
--

ALTER TABLE ONLY public.planet
    ADD CONSTRAINT planet_star_id_fkey FOREIGN KEY (star_id) REFERENCES public.star(star_id);


--
-- Name: space_station space_station_planet_id_fkey; Type: FK CONSTRAINT; Schema: public; Owner: freecodecamp
--

ALTER TABLE ONLY public.space_station
    ADD CONSTRAINT space_station_planet_id_fkey FOREIGN KEY (planet_id) REFERENCES public.planet(planet_id);


--
-- Name: star star_galaxy_id_fkey; Type: FK CONSTRAINT; Schema: public; Owner: freecodecamp
--

ALTER TABLE ONLY public.star
    ADD CONSTRAINT star_galaxy_id_fkey FOREIGN KEY (galaxy_id) REFERENCES public.galaxy(galaxy_id);


--
-- PostgreSQL database dump complete
--

